Country,Cheese,Yoghurt,Total Milk,Fruits,Refined Grains,Whole Grains,Nuts And Seeds,Total Processed Meats,Unprocessed Red Meats,Fish,Shellfish,Eggs,Total Salt,Added Sugars,Non-Starchy Vegetables,Potatoes,Other Starchy Vegetables,Beans And Legumes,Sugar-sweetened Beverages,Fruit Juices,Coffee,Tea,Water
Albania,0.181651849315069,0.548684018892873,32.0676067618833,2.43877364951459,10.0015910757878,0.154880981321879,0.0624657534246575,10.4036871016289,0.739646618192165,33.6938913396194,0.0305757592736572,0.0016862500450947,0.0778787604609809,0.0655767707358336,4.24536247764563,0.650703598648063,0,0.0740147692319978,0.0206999970300189,0.0111516017530863,0.000701780674401335,0.000731204356610898,0.957906993774188
Algeria,0.0472939726027397,0.0299740249258869,7.02158671485945,1.40688311577806,39.4482183856142,0.955298750474444,0.0258904109589041,3.2627838265093,0.469284168221223,24.8275142015221,0.00235462511076565,0.00074243686368671,0.0897614134480318,0.143107894261081,2.70607514266657,0.928588078887389,0,0.101597052148042,0.00270714051445939,0.00745794071810041,0.165767734918872,0.00877445227933077,0.957906993774188
Angola,0.0343956164383562,0.274342009446436,0.685970575313359,0.903043360834695,78.1379692672858,0.354497517157687,0.0513698630136986,6.31178377173172,0.448734133958203,96.2449315960238,0.00166208831348164,0.00000774524298928013,0.10028339918558,0.0984430423540569,0.522990440837805,0.164267369543865,0.507194531910921,0.121694695478828,0.0330860144047526,0.0137492227691069,0.0348352486423716,0.000487469571073932,0.957906993774188
Antigua and Barbuda,0.369752876712329,0.0936060016665604,4.50332600401144,1.81346134387652,6.7948030724995,0.0882828598732848,0.0254794520547945,18.5578933662402,1.18336134549321,105.822352060051,0.21307563513497,0.000341897154812509,0.0354840682174693,0.243686875335452,0.99558713539636,0.161222818465545,0.128563088716302,0.0397794733512797,0.0264370960700762,0.00822612654597889,0.000225099461600428,0.028273235122288,0.427594522839748
Argentina,0.0741655479452055,0.284262265296634,16.3590829384096,1.10772391303621,9.804294505058,0.0842426599349374,0.00589041095890411,10.7282088030593,3.42332276399024,12.7004613925682,0.0371809966150514,0.00177808649768188,0.00313381495419251,0.215302623007715,0.976948352525952,0.518404015426551,0.0995014647868902,0.0397794733512797,0.0390213350305966,0.00121795714124427,0.000214506545760408,0.147215810464327,0.116541381633645
Australia,0.533132054794521,0.353704164885973,22.2019739007026,0.992095402581106,6.53130146838851,0.436957492937444,0.105753424657534,12.2607606967058,3.2664374580599,11.0812694978931,0.121197933366152,0.000926109768861067,0.00215367487694023,0.198167647940302,1.25611590040717,0.640186058559324,0.0333516731761343,0.0296613494675047,0.0579769821056919,0.0090726049197559,0.00128968750352245,0.0126742088479222,0.957906993774188
Austria,1.4929847260274,0.443501247076836,18.6648748869924,1.33494576330479,4.15051111787703,0.825635454630261,0.109452054794521,14.1222790432844,2.03646745129992,10.7272097122841,0.0356522621232113,0.00158445542294988,0.0766254412153532,0.0817292139919019,1.22560352252302,0.78936906139697,0.00373649450521006,0.0436603975806729,0.0631925298135055,0.00218884279731567,0.00191466953808364,0.00804324792271987,0.957906993774188
Bangladesh,0.020422397260274,0.0221917966437281,1.77158477488745,0.425223499339111,79.794092970846,0.0167240527312136,0.0143835616438356,0.0907627061513662,0.157251219159593,89.0967896503606,0.0185835015352958,0.00040385909872675,0.0327080778342625,0.0380037975568911,0.515258797573043,0.714777559978147,0.0321061750077309,0.104091932009795,0.0000169904216388664,0.00799721493901131,0.00000264822896000504,0.0116992697057744,0.524945320084734
Barbados,0.265491164383562,0.120420050004843,2.28859209639944,1.02910765743196,7.8549290102928,0.374958373699269,0.0586301369863014,5.6141299773499,2.10840364791793,103.045672268388,0.0432239145559511,0.000967048910375834,0.0334129073048816,0.287829608888621,0.975153506768061,0.495154716283022,0.122197209188907,0.0841328931157727,0.022047903813369,0.00203067942946824,0.000421068404640801,0.0253484176958445,0.427594522839748
Belgium,2.57537178082192,0.191955145687247,18.6385692307119,1.70339858603056,6.00117477583922,0.809461695783193,0.04,10.2580249174127,1.55008806568047,17.673822946107,0.0539950233258675,0.000909512819598324,0.0674289486374858,0.0674978210758015,1.53528344828838,1.18834364134218,0.017436974357647,0.0392250556042235,0.0631477337577869,0.00150743224192783,0.00126585344288241,0.00658083920949808,0.957906993774188
Benin,0.00322458904109589,0.0468030008332802,1.15947238836152,0.657315383140694,51.4559764002659,0.199344207509171,0.145753424657534,4.02625809075401,0.256738095081687,101.884761982542,0.00706387533229696,0.000107326938565739,0.0732735787621581,0.0482247497742149,0.769160439785483,0.00387488319058821,2.21435735473579,0.145673263039007,0.0480602393424735,0.00822612654597889,0.00240243094085321,0,0.957906993774188
Bolivia,0.0171978082191781,0.0762091451981774,4.20991676088331,0.913340003161625,17.1696922611633,0.123493735765114,0.121232876712329,4.12196211724572,2.57499360816033,1.86206748936761,0.000274986641464353,0.000819889293579511,0.00410517137277397,0.396287830575709,0.561648657161613,0.983805164353271,0.409492120033947,0.0602929299923577,0.02188366307086,0.00271622805543898,0.000566720997441078,0.00511843049627628,0.116541381633645
Bosnia and Herzegovina,0.185951301369863,0.484406791405378,19.6442547054339,1.48341221415388,7.45412396718267,0.479938247362795,0.0382191780821918,3.06055521656982,1.28095539003254,28.9630797630738,0.0039843655889317,0.000600809563311302,0.0687356408458297,0.0552084063841002,3.51706929511675,1.15097869629008,0.000968720797647053,0.10048821665393,0.0410841016683865,0.00292772440110653,0.00190142839328362,0.000731204356610898,0.957906993774188
Brazil,0.0591174657534247,0.0835590864565238,14.3163475526313,1.76949189826423,18.4572101779348,0.0453867608962812,0.0436986301369863,16.5063351415547,2.34904875236401,15.7320655909309,0.0104571990699526,0.00134103350042965,0.0474418023232135,0.201822476417285,0.717800238098138,0.258094898230251,0.0221421896605041,0.187670407378511,0.0370957539115251,0.0281593578343482,0.00160482674976305,0.0494781614640041,0.116541381633645
Bulgaria,0.115010342465753,3.39723090129788,14.3810999373216,0.797433205076062,5.74334965573155,0.539619709375379,0.0536986301369863,9.5933360962471,1.51033064053849,34.0618433511285,0.010579177598198,0.000894022333619764,0.00256931529186003,0.061905760904909,1.3702957036207,0.374756560004031,0.017436974357647,0.0307701849616171,0.0448829111585202,0.00425961515263366,0.00103016106544196,0.00268108264090663,0.957906993774188
Burkina Faso,0.00859890410958904,0.176852082442987,1.74629087461778,0.0641452988204614,26.5467233359453,0.757364421443424,0.241506849315068,1.4135360036761,0.376585683787505,53.7009936803292,0.000138507359456803,0.00023457021624677,0.0844298992587851,0.041010023430041,0.205716936865979,0.0171601969868907,0.0682256218914282,0.26445726534579,0.0971682213526772,0.0090726049197559,0.0192194475268257,0.00609336963842415,0.957906993774188
Cambodia,0.0343956164383562,0.337389210400651,0.321738411430159,0.364278508268911,79.4861322990612,0.0775907446764484,0.0376712328767123,1.77156616504605,0.369482105851067,201.366509798799,0.0364869083385187,0.000127243277681031,0.0308751391663241,0.177757566835074,0.55819703070413,0.000968720797647053,0.0316910089515964,0.139297458947861,0.0166619401538484,0.0157636815633768,0.0000741504108801411,0.000974939142147864,0.807661285421973
Cameroon,0.00107486301369863,1.69861545064894,0.909568653697211,0.891772711801166,38.7741762069068,0.714132440546646,0.186712328767123,1.89105635835181,0.297719201365329,106.298542285035,0.0231307290292861,0.0000486843845040465,0.0886810946298739,0.0520219741658854,1.98358069258626,0.0878768152151255,1.0925786710605,0.315740906948485,0.0372430042323952,0.00525183726436558,0.0294297790254518,0.0109680653491635,0.957906993774188
Canada,0.994248287671233,0.0599480498517739,16.8325847514577,1.33884179013119,7.08424292798632,0.442340824081977,0.101917808219178,14.3388351027354,2.06234573365759,14.9596344842307,0.10711059722472,0.0016608013895585,0.0262165774585238,0.267941646137247,1.42414107635743,1.07541847407361,0.025740295480336,0.173532754828579,0.0417228120711763,0.00745794071810041,0.00181933329552346,0.0112118001347004,0.957906993774188
Central African Republic,0.00107486301369863,0.0959775728436234,1.50751645607213,0.636026379410693,23.7649701796961,1.22472299149115,0.205205479452055,6.37892744179791,0.963918432542332,45.4864581173565,0.000138507359456803,0.0000486843845040465,0.0824629570722794,0.0423865172720216,0.664092930419704,0.00179905290991596,1.36395888308705,0.129595148374378,0.00852352818883133,0.00185856903452132,0.118920331572234,0,0.957906993774188
Chad,0.00322458904109589,0.0320865409595707,2.0558882139185,0.105192724312948,21.4177204437572,0.452231338539112,0.257123287671233,3.9044930689119,1.49773136261102,42.6052404198959,0,0.000026555118820389,0.0755274318634929,0.0442851294678568,0.103824923841085,0.0303071220978149,0.480762293003694,0.126684455202333,0.00267882314506127,0.00548133672635785,0,0.000731204356610898,0.957906993774188
China,0.0247218493150685,0.517414905418191,2.27341575623764,1.33898093394642,41.0467462492224,0.0201247045933156,0.126438356164384,1.23632235726115,2.17301780291921,206.888527495594,0.206331812255227,0.00218858437611373,0.0161801397524561,0.0335105052564919,5.31826604568961,0.608079883551593,0.292968846945544,0.0870435862878176,0.0206433622912227,0.000782723462797962,0.0000185376027200353,0.0280295003367511,0.166709573016587
Colombia,0.0472939726027397,0.0453500067455729,11.1667510910524,1.29598549504073,19.7414308918564,0.0981092879993638,0.0124657534246575,11.9009874948236,1.25262448414257,4.94078465306306,0.00398730630123312,0.00150810945634126,0.00215713470615518,0.350199019521809,0.889553170622486,0.791306502992264,0.477302575869241,0.115457495824446,0.0285155909838975,0.00493199498815297,0.000391937886080746,0.000731204356610898,0.116541381633645
Congo,0.00752404109589041,0.0381045725990887,0.113316673208106,0.481437600691533,82.8617275451033,0.374044870360612,0.0405479452054795,2.05692165901718,1.28496089333178,177.409447158531,0.00152358095402484,0.0000398326782305835,0.0661355191616557,0.0672108717325673,0.545356980282294,0.0200663593798318,0.232216214064536,0.0386706378571674,0.033544755789002,0.00271622805543898,0.0402407182592913,0.000974939142147864,0.957906993774188
Cote d'Ivoire,0.00429945205479452,0.011095898321864,0.114328429218893,0.135526076032819,57.9004220185553,0.149845133033277,0.069041095890411,0.292437069514178,0.50666278759771,149.455505242743,0.00138507359456803,0.000191418148163638,0.121827505516907,0.0606606596569357,0.544390524874198,0.00927204192033608,3.55645082553309,0.0303543716513249,0.0109531584831892,0.00799721493901131,0.00420425414649312,0.00194987828429573,0.957906993774188
Croatia,0.162304315068493,0.0867276539625151,21.868094417143,1.12762147861393,4.89959328305482,0.359390125356339,0.0484931506849315,12.4112503224314,2.09211993194274,76.1135018093118,0.0602037607513865,0.000814356977158597,1.66109103754903,0.106871154492478,4.21001782272101,0.54096137114319,0.00498199267361341,0.0103953327573031,0.0583337809601081,0.00529182923330069,0.00132676270896252,0.00268108264090663,0.957906993774188
Cuba,0.0225721232876712,0.214999158791506,8.65961969632306,1.32367511427126,28.6141011862572,0.195541853238658,0.00424657534246575,5.02901282111294,1.79138692848157,13.0606790200452,0.00928400981659514,0.00110425035761451,0.0311163187344775,0.250806671069834,1.92517917292565,0.170494860385881,1.22736925061882,0.284139095366284,0.0200826783771401,0.00824832139561645,0.000286008727680544,0,0.427594522839748
Denmark,1.11570780821918,0.106608974705256,25.0146556106895,0.855038744580771,2.88594992993945,1.08101059615586,0.0478082191780822,14.4345211818718,2.05885414848091,17.2361676887482,0.111377795014543,0.00175706369528241,0.0713483861881146,0.100299151526872,1.45658636505777,0.787708397172432,0.000276777370756301,0.0128902126190558,0.0532649718378463,0.00582035003015621,0.00186170495888354,0.0190113132718833,0.957906993774188
Djibouti,0.0193475342465753,0.0602100250024217,2.13581693877065,0.41409199412081,28.0224186170164,0.547556150961973,0.00684931506849315,1.38406216643347,0.519788770909612,27.6474293947814,0.00138507359456803,0.000279935210898268,0.0735418170767882,0.192424346047901,1.13006250217989,0.22598872322252,0,0.183235065402062,0.00147816668258138,0.00203067942946824,0.019820055262039,0.014136617561144,0.957906993774188
Dominica,0.00752404109589041,0.394301426237096,6.77067122418436,5.47962258752406,5.00021907025441,0.0857504376159114,0.0145205479452055,7.81521692468878,1.59038668203961,70.0854547414237,0.00897961605211661,0.00039611385573747,0.0362661906522513,0.319726293778653,2.01933954268578,0.140326126973445,1.13797015986453,0.0652826897158632,0.0144022140758791,0.00201873457513656,0.000834192122401587,0.00706830878057201,0.427594522839748
Dominican Republic,0.0634169178082192,0.390616159438471,8.54832653513653,3.93735253952841,24.1166108681929,0.0248851963358831,0.00767123287671233,9.1015811893409,1.2544801206201,19.3596285474292,0.0130889318725768,0.00117727693437058,0.0290049945907897,0.201157962148743,1.38230736369274,0.141156459085713,1.04082130272907,0.1372183923964,0.0291952078494522,0.00658776441758152,0.000556128081601058,0.0014624087132218,0.427594522839748
Egypt,0.155855136986301,0.110931822706082,3.12733782934158,1.90877485730822,41.5439006834906,0.973862185204345,0.0232876712328767,4.87011350387193,0.846389901510415,330.901414045475,0.00720920774219041,0.000350748861085972,0.0854474232460776,0.128678441572733,2.27365538007312,0.434125306031258,0.0405478848157981,0.0690250095084923,0.000736251604350879,0.00754660831180406,0.0168170165859725,0.0194987828429573,0.957906993774188
Ethiopia,0.0150480821917808,0.258707452709095,2.82077575807322,0.120776831618569,40.6177675447007,0.0394785513961067,0.0227397260273973,0.153514735999688,0.269824655664058,1.55096144001818,0,0.0000420456047989493,0.135600662823066,0.0456616233098374,0.791250849113374,0.0961801363378145,0.213672130223864,0.320453457798462,0.0103641571997085,0.000965048743211931,0.204206629972523,0.00243734785536966,0.957906993774188
France,1.29735965753425,0.331499923554897,18.2986192110876,1.14904962615916,7.59309045850626,0.352436249882384,0.0705479452054795,15.0258538446333,1.74526897105204,10.6160225954709,0.13407933253351,0.00131447838160926,0.00160824334563078,0.0418557688627313,1.3897628768409,0.680595554689744,0.00595071347126047,0.0256418208013475,0.0432519500186743,0.00684313608458989,0.00138502374608264,0.00633710442396111,0.957906993774188
Gabon,0.0279464383561644,0.0226750033727865,0.716323255636959,0.371653130476036,42.1196708735366,0.159742472655903,0.187671232876712,13.5460203618811,1.42577048966454,183.11058004925,0.00373969870533369,0.000108433401849922,0.0337479127086354,0.0804062264936221,0.771507545776571,0.017436974357647,2.42913659444267,0.00221767098822465,0.0437899800372384,0.00493199498815297,0.00840850829298624,0.00316855221198056,0.957906993774188
Germany,1.37904924657534,0.105426156109658,17.3131688565814,1.08351288918641,5.54713461420115,0.359597320589104,0.0704109589041096,20.8068027214869,1.20903894832389,10.4012962227616,0.0208285455653233,0.00146163799840558,0.000401678148232826,0.0476918438510657,1.25873913651485,0.814970968191928,0.000830332112268902,0.0248101941807633,0.0570510445797585,0.00563349900161535,0.00159953029184304,0.00901818706486774,0.957906993774188
Ghana,0.00644917808219178,0.107499579395753,0.205386470189693,0.913896578422539,78.9903531911731,0.468694733020882,0.116164383561644,1.31518489095834,0.468482604042722,183.622899942091,0.000277014718913606,0.000110646328418288,0.0714650111142771,0.0607555902667275,0.909572604075886,0.00179905290991596,4.21241319422552,0.0928649726319073,0.0115251693450311,0.00824832139561645,0.000600607735213303,0.0014624087132218,0.957906993774188
Greece,0.274090068493151,0.345834882343939,24.5421655536521,1.71286036546612,3.80837289578224,0.987497091906272,0.20972602739726,2.50330817488821,2.65981143983645,71.6455130981299,0.0810727705179774,0.00107437584894157,0.0425403674553057,0.155543804143801,2.40702622639026,0.771932087039323,0.00913365323495793,0.0659757118996834,0.0320779160541798,0.0146610189767447,0.00104340221024199,0.0363164830450079,0.957906993774188
Grenada,0.0816895890410959,0.411508290917291,2.90070448292537,1.62380832371971,7.42868021780064,0.0780193282822329,0.0131506849315069,6.72521862095418,1.54005235463702,66.0489850442837,0.021307563513497,0.00113523132957163,0.03599071374442,0.195034937817174,1.93829535346408,0.139357406175797,0.375448503430922,0.0614017654864701,0.0194313788809836,0.00510073096353826,0.0000185376027200353,0.00170614349875876,0.427594522839748
Guinea,0.00644917808219178,0.0527130780548287,1.53179860033101,0.55281837790389,52.3011490364312,0.569401104904782,0.0945205479452055,3.77049509657754,0.21909543178005,7.61889765569935,0,0.000231250826394221,0.077012751629573,0.0722421940515306,1.0278943590384,0.0701630634867223,0.845693256345877,0.0559961924526725,0.0015348014213776,0.00694574953964023,0.106307569132755,0.00706830878057201,0.957906993774188
Guinea-Bissau,0.00537431506849315,0.0533044873526279,1.77259653089824,0.410335111109633,17.4153011583443,0.481080064255559,0.0802739726027397,2.75235815683275,0.392579978088719,7.35630050415469,0.000412784173813917,0.000152691933217237,0.0860116334598376,0.0335579705613878,0.792217304521469,0.00539715872974787,0.334208675188233,0.0279980962263362,0.0147476859825361,0.00717612509222253,0.00120121547042661,0.00268108264090663,0.957906993774188
Hungary,1.24146678082192,0.540585495279466,16.2963540657408,0.861439360081295,4.87607634866855,0.75530420250693,0.0106849315068493,14.4165369069637,1.95696036598524,31.4861792705648,0.00465891333924083,0.00152581286888819,0.00365723517128586,0.0720055147812089,1.30002058894635,0.475226745588569,0.0203431367505881,0.0285525139733924,0.0582828096951915,0.00257072136741466,0.000476681212800907,0.00389975656859145,0.957906993774188
Iceland,1.68431034246575,0.248882614162308,20.6033994036596,1.12094257548294,3.47421714027373,0.4946488668159,0.0497260273972603,12.4297721833227,2.29053199038578,12.0565628174345,0.220286624129748,0.00130341374876743,0.0659551342572798,0.147753668853458,1.03258857102058,0.464570816814451,0.208966914921007,0.0141376525499322,0.0535934533228644,0.00701323931587545,0.00233044148480443,0.014136617561144,0.957906993774188
India,0.355779657534247,0.0131047841303611,7.60334642106178,1.11454195998242,32.1196234627755,0.345657883394861,0.0497260273972603,0.797921886881233,0.112638281308719,24.0947638220121,0.0065841037603342,0.000365132883780349,0.0321324322600506,0.0827185096091943,1.24438037045172,0.360225748039326,0.0119014269425209,0.217054547972488,0.00112136782816518,0.00806382839520084,0,0.0192550480574203,0.524945320084734
Indonesia,0.0118234931506849,0.580916516141044,0.478560593102092,1.1487713385287,64.1302282802447,0.12637400653655,0.0827397260273973,3.22478862997915,0.192143626193965,357.207069977757,0.0726045045332882,0.00167961126538961,0.0126214583058097,0.125640662059397,0.63482313806025,0.0621365197347895,0.0918900870910919,0.0302157672145609,0.00052670307080486,0.00548609213670387,0.000129763219040247,0.00950565663594167,0.65929666852512
Iran,0.293437602739726,0.421513755951159,2.00125338933602,2.03428257864457,19.667576931151,0.226293597144365,0.143424657534247,4.587120447078,0.980515951517835,23.0522581561377,0.00330670271166051,0.000917258062587604,0,0.155638734753593,1.69115889910831,0.439384076075628,0,0.0641738542217509,0.000492722227527127,0.00984995368049508,0.0000370752054400705,0.0460658744664866,0.0850805584856907
Iraq,0.029021301369863,0.520842352867625,2.9512922834647,1.04608320288987,21.6662615000405,0.0403676070632411,0.0280821917808219,2.4261968735518,0.343170357377454,11.0615740439033,0.000826675677915127,0.00122264192902208,0.034027527959439,0.105372976868855,1.40729713924492,0.221421896605041,0,0.0593226989350095,0.00125162772739649,0.00468957716305456,0.0000503163502400957,0.0255921524813814,0.0850805584856907
Ireland,0.46326595890411,0.0607847823108294,32.5633672071688,0.923358357858096,5.81783860351056,0.414490386016375,0.0416438356164384,18.7428944654232,1.51664787525211,4.4156952498133,0.018654409017214,0.000887383553914666,0.0611387267102806,0.152158880650568,1.25238814383309,0.950453491177137,0.000553554741512602,0.0436603975806728,0.0891997136040488,0.00685389311816196,0.000715021819201361,0.0419223831123581,0.957906993774188
Japan,0.0655666438356164,0.219859969540565,4.81494685533374,0.465853493385911,26.8226728768037,0.0114621873887434,0.030958904109589,3.04343057631717,1.52046029648101,113.508871474167,0.204887681995036,0.00219522315581883,0.00310836907260925,0.122650347850956,1.33191361741349,0.2558806792642,0.0664265689815122,0.13070398386849,0.0199524184779088,0.00681172282757208,0.000950714196641809,0.0209611915561791,0.166709573016587
Jordan,0.058042602739726,0.443435275255947,4.51040829608695,0.590248064200428,10.7909591381885,0.0795164170159513,0.0610958904109589,5.75925933162792,0.921123098656573,14.9828727790436,0.00179113063548278,0.000616300049289862,0.0534604923253354,0.199686537696971,1.59672239923158,0.263630445645377,0,0.0893998617128063,0.000345471906656951,0.00211173985932024,0.000942769509761794,0.0148678219177549,0.0850805584856907
Kenya,0.0838393150684932,0.195308079719236,7.68934568197865,0.988477663385158,37.5033460527267,0.0729083074507034,0.0226027397260274,2.86790116509689,0.395285711864073,0.301212265439304,0.000420997887483394,0.000164863029343249,0.0659763657787608,0.0877633487524837,0.697090479353241,0.43246464180672,0.227649387447057,0.221074076638645,0.010086646979607,0.00658776441758152,0.00240243094085321,0.0514280397482998,0.957906993774188
Kuwait,0.232170410958904,0.160677127248541,3.90133117759338,0.982216191699864,20.2379700258612,0.0798535347510034,0.0478082191780822,16.9632479000279,1.1731635434556,36.3744352819359,0.0275558559305042,0.00167407894896869,0.0478620607521839,0.182504097324662,2.3785848243806,0.512730079326047,0.00304455107831931,0.0754008135996382,0.0000283173693981107,0.00995986720278448,0.000582610371201109,0.0380226265437667,0.0850805584856907
Laos,0.00752404109589041,0.519025042805155,0.300491535203639,2.35278277170322,74.3238155762719,0.00196259559437042,0.0738356164383562,4.62012727949517,0.699059742490024,235.857192269592,0,0.000199163391152918,0.0318818897373205,0.190573199156962,3.17121632407696,0.00650426821277307,0.131330862423865,0.0318790204557294,0.0064960045399266,0.0117289302635305,0.00475886744112906,0.0197425176284942,0.807661285421973
Lesotho,0.00322458904109589,0.303452192971255,5.16602619107671,0.218316646093935,30.4868252987988,0.595606860700392,0.0124657534246575,6.66700979542004,0.629611864066029,19.3715913276073,0.00041552207837041,0.0000542167009249609,0.0830703471162654,0.132618061879091,0.371395006825157,0.784940623464869,0.0149459780208402,0.0530854992806276,0.0253044012941517,0.00484474557503244,0.00720729282255963,0.00365602178305449,0.957906993774188
Luxembourg,1.76277534246575,0.0820282987498238,9.6885755592931,1.21764752706694,6.38049080853715,0.216957606809564,0.0436986301369863,18.909206189444,1.45875192431273,20.6629152357278,0.129072050626459,0.00182013210248083,0.0769430574681084,0.291800513145934,1.31327483454308,0.454053276725712,0.02020474806521,0.0123357948719996,0.0878404798729395,0.0222909874388354,0.00663381354481262,0.014380352346681,0.957906993774188
Madagascar,0.00107486301369863,0.205754145458645,2.02148850955176,0.677491236348865,42.0617033626748,0.123255590251622,0.00589041095890411,1.65794174928869,0.379663062088055,19.2489863192048,0.0138507359456803,0.0000663877970509725,0.0651179468259177,0.0385892928803511,0.298358590984819,0.0805422148900835,0.26639821935294,0.0338194825704259,0.00335277653673631,0.00510073096353826,0.135737348158206,0.000243734785536966,0.957906993774188
Malawi,0,0.0303923911554147,1.01580303482981,2.16326889536164,52.5910900136182,0.857326963255946,0.0219178082191781,6.20331697614339,0.501963425592534,72.949979999534,0,0.000115072181555019,0.075307700844612,0.0466583947126509,1.21814800937485,0.585660916520333,0.774007917319995,0.256002394703183,0.0122954017926597,0.00685389311816196,0.0330334254367317,0.00584963485288718,0.957906993774188
Malaysia,0.0806147260273973,0.302635006998429,0.508913273425692,0.693771062730631,34.6472253358659,0.0217807207153036,0.0353424657534247,11.0219368324945,1.01575878104883,452.146637769106,0.119917804680141,0.00196507879270879,0.00291155911256727,0.21364133733636,0.984265800615816,0.199556484315293,0.0119014269425209,0.0410269132821561,0.00525570376028935,0.00558511315150139,0.00000529645792001008,0.0253484176958445,0.65929666852512
Mali,0.00214972602739726,0.0433638269812576,4.40619742697592,0.933237568739338,35.007126195576,0.429946255713653,0.0936986301369863,3.69702657769021,0.623194504273965,55.356161293764,0.000554029437827213,0.0000520037743565952,0.0980318722539928,0.0556768026428682,1.56331065512314,0.0911981436642011,0.294352733799326,0.142208152119906,0.0209661803023612,0.00529182923330069,0.00180182320563991,0.0124304740623853,0.957906993774188
Mauritania,0.0322458904109589,0.290458258070522,8.16487100704838,0.210107160995438,37.68604733631,0.13430657404642,0.00972602739726027,8.79984693943462,0.524324132495397,13.4386034501276,0.0179236374455991,0.000366239347064532,0.0287397995192023,0.188342329826855,0.706616968375893,0.115831329661512,0.0161914761892436,0.139436063384625,0.0000283173693981107,0.00548609213670387,0,0.0816511531548836,0.957906993774188
Mauritius,0.267640890410959,0.00655239206518054,1.7220087303589,0.57647282649278,28.3883755301095,0.50746149404976,0.0334246575342466,8.66271009749742,1.22286754242528,119.049463158903,0.0644059221474135,0.000736904547265795,0.0902804862264117,0.211457933311149,0.916061661815954,0.314834259235292,0.00636587952739492,0.136248161339052,0.0198334855264368,0.00806382839520084,0.0408413259945046,0.0346103395462492,0.957906993774188
Mexico,0.0343956164383562,0.376534865871206,9.28387315497843,1.61532055099075,9.64428650447733,0.10596195044242,0.0489041095890411,8.91374050579926,1.89467627139713,37.4747431510708,0.0526144214521351,0.00221956534807085,0.00623669006663456,0.0500866842344488,1.08394877270792,0.209797247033276,0.00470521530285711,0.145396054165479,0.0358497896580082,0.00368192486986501,0.000140356134880267,0.000487469571073932,0.427594522839748
Mongolia,0.433169794520548,0.662760088545378,17.4679675262318,0.174764631927331,6.82574764394843,0.563535594877147,0.0113698630136986,32.2073735523246,1.62343518913997,0.521461583236033,0.000274276814357114,0.000570935054638364,0.111339437984867,0.307622641030204,0.803262509185414,0.624686525796971,0.000415166056134451,0.00706882627496608,0.0212210366269442,0.0108081194960799,0.000180079569280343,0.0231548046260118,0.957906993774188
Montenegro,0.216047465753425,0.0510026637149913,35.8293156099881,1.74235885429462,2.6730337845012,1.21831192651909,0.0458904109589041,8.87630499514698,2.11365101708542,59.0825801337476,0.0390844460458888,0.00114740242569764,0.0826906049482472,0.588000197050172,1.6726581812962,0.371712008925712,0.00498199267361342,0.0626492054173464,0.0514696506180061,0.00534813442774775,0.00149624936240285,0.00438722613966539,0.957906993774188
Morocco,0.171978082191781,0.17291744117197,2.84606965834289,1.38962928268969,29.0621984762168,2.13957703246359,0.0528767123287671,1.10478080799748,1.17385013203765,10.9467345506724,0.00835141906221033,0.000968155373660016,0.0583503316632158,0.163470510061414,1.51001754261961,0.565317779769744,0.00774976638117642,0.104646349756851,0.00215212007425642,0.0146610189767447,0.059460165786117,0.0453346701098757,0.957906993774188
Mozambique,0.00322458904109589,0.270292747639733,0.616159410569079,0.557131836175982,32.5124347572495,1.35668100840411,0.0434246575342466,1.41484771933234,0.192057283139931,74.7890551255727,0.00817193420795139,0.000203589244289649,0.116114702444922,0.0574804842289117,0.504903918200594,0.116523273088403,0.170356471700503,0.131397006052311,0.00692642855477788,0.00257072136741466,0.00420425414649312,0.0268108264090662,0.957906993774188
Myanmar,0.098887397260274,0.135816230388332,1.71897346232654,0.506205199802253,58.5152096482456,0.012561956032586,0.145753424657534,7.62811271850935,1.62812265721743,192.95443768717,0.00118188089480725,0.00104560780355282,0.014911738861427,0.135655841392427,1.21262540704288,0.102822793235966,0.319262697167393,0.185452736390287,0.0016367439512108,0.0131316014559363,0.000270119353920514,0.0609336963842415,0.807661285421973
Namibia,0.0687912328767123,0.21075687797558,5.1437675588394,0.395585866695384,31.2184205771865,0.174467591075042,0.00794520547945205,4.10676339798959,0.877837647233227,65.103259461769,0.0235462511076565,0.000123923887828482,0.0894859601385582,0.184165382996018,1.86926282431442,0.197480654034621,0.00954881929109238,0.114071451456806,0.0468142750889567,0.00984995368049508,0.0342346409071583,0.0099931262070156,0.957906993774188
Netherlands,0.693286643835616,0.0485766790406251,29.3550888969643,1.35512161651296,3.78964735777121,0.588280073756137,0.0517808219178082,9.39812432725505,1.41970640401191,16.007008242549,0.0671362091837442,0.00195069477001441,0.05019012108444,0.178469546408512,0.933733989278266,0.996398534722683,0.0456682661747896,0.0431059798336167,0.0468595828799936,0.00717807008642747,0.00181668506656346,0.0158427610599028,0.957906993774188
Niger,0.0967376712328767,0.260421176433812,3.99441273058575,0.364556795899369,41.0873204865233,0.0410798564032823,0.227945205479452,1.50729990361971,0.213198134182301,12.2605008402578,0,0.0000276615821045719,0.0789364657125019,0.0220713667765846,1.50891302215321,0.0429004924672266,0.0619981310494114,0.542497765494456,0.00031715453725884,0.00468957716305456,0.00480486188170642,0.00804324792271987,0.957906993774188
Nigeria,0.00752404109589041,0.124441307081154,0.123434233315973,0.313491015710411,32.5662859800046,1.17140695987633,0.177397260273973,1.0970479286463,0.202161659802769,125.944564415646,0.00437231614431947,0.000321980815697217,0.0836681044552695,0.0506929456288007,1.36007888930655,0.0624132971055458,2.05977719316839,0.158147662347771,0.00773630531956385,0.00701323931587545,0.00300303867606651,0.000243734785536966,0.957906993774188
Norway,1.06948869863014,1.13464880776604,17.3728624612178,1.08754805982804,3.26255331736607,1.06743482452574,0.0510958904109589,7.87639368557455,1.87013440407068,6.35092631033356,0.154580602737397,0.00132222362459854,0.0716599350323384,0.202771782515203,0.995172940221461,0.720728273449407,0.00678104558352937,0.140129085568445,0.0403409244445485,0.00200728242098733,0.00221656763952422,0.00633710442396111,0.957906993774188
Pakistan,0.557853904109589,0.368233061609404,11.3377378568754,0.578142552275526,11.1438797077989,0.305784694655758,0.0101369863013699,1.07116728050675,0.559261794673986,3.79697802835979,0.000970261343304861,0.000373984590053812,0.0209724762276096,0.0877609646996696,0.37677954409883,0.202185869337478,0.000830332112268902,0.068054778451144,0.000107606003712821,0.000426212056178695,0,0.0187675784863464,0.524945320084734
Paraguay,0,0.584554150044695,4.4456559113966,1.06361532360869,12.2676391054657,0.639582473096325,0.0220547945205479,3.2903769170382,1.37433316725221,2.96743823006791,0.00137493320732176,0.00205248939215923,0.00373760931912125,0.129580282365755,0.680522672357323,0.0758369995872264,0.0941043060571423,0.135000721408176,0.0432519500186743,0.00430957143294613,0.000185376027200353,0.4048434787769,0.116541381633645
Peru,0.0225721232876712,0.0457417775597925,5.57174035140216,1.70506831181331,27.2525612518976,0.121895206356274,0.0142465753424658,4.46471478733999,1.50689035558626,16.647328470681,0.0302485305610788,0.00114850888898183,0.004398668141791,0.107983568638129,1.07069452711119,1.26002898036806,0.08829198127126,0.138743041200805,0.0295406797561091,0.00292692331110966,0.000926880136001763,0.00194987828429573,0.116541381633645
Philippines,0.00644917808219178,0.0651671525161741,0.0940933090031598,0.994182559809538,56.35811649408,0.126704470770916,0.0326027397260274,12.9840077905332,0.576118334177818,297.768771396496,0.0364217672506085,0.000506760184155757,0.016816452473227,0.103094642233853,0.895351903071057,0.0355658921421847,0.448517729310586,0.0182957856528534,0.00929942411033956,0.00946511128586939,0.000823599206561567,0.00121867392768483,0.65929666852512
Portugal,0.496586712328767,0.0309255118041628,14.5632160192632,1.86884058233757,9.70591391480975,0.29718506132977,0.0641095890410959,9.22723097468208,2.77396828296865,9.72381509731321,0.169122913794847,0.00117063815466548,0.00228580060640018,0.0681912460300531,1.53500731817178,0.86119278910823,0.00761137769579827,0.0504520149821108,0.0575182407214425,0.00243447415519657,0.00150419404928286,0.00804324792271987,0.957906993774188
Romania,0.153705410958904,0.0687180954324711,23.8997004868026,1.45460944440153,9.59002787918469,0.0378668366702116,0.043013698630137,13.8954059516765,1.44036347806047,39.0029132199651,0.0106967957599274,0.00148487372737342,0.0941489884695539,0.0519492659488403,2.89177264607915,1.35205745614453,0.0427621037818485,0.0329878559498417,0.0617318652878814,0.00349872384736102,0.000786524001121497,0.00292481742644359,0.957906993774188
Russia,0.547105273972603,0.512898951157974,13.9642564608775,0.873684015821426,4.71461769601847,1.29227216809153,0.0293150684931507,8.02406895145299,2.08226084014014,17.0033723390892,0.0249591901064974,0.00182787734547011,0.0727802321600278,0.123148949303749,1.43960436288696,1.31317023555327,0,0.0356213402483585,0.0385342762769491,0.011939492182733,0.000381344970240726,0.0246172133392336,0.957906993774188
Rwanda,0.0150480821917808,0.221717637627974,1.49841065197505,1.62547804950245,32.8691780495055,0.087125470979836,0.016986301369863,1.44977402641523,0.231873625872294,30.957764621651,0,0.0000453649946514979,0.124264510727671,0.0552021495939094,0.782690815498816,1.57749262462554,1.87322924527864,0.532934059357737,0.0104491093079029,0.00211173985932024,0.0474480110818509,0,0.957906993774188
Saint Lucia,0.126833835616438,0.0641730819191414,2.98670374384223,1.07655569842497,5.75713927250852,0.421113913481829,0.0254794520547945,8.09245903887023,3.10420059384013,73.324914498364,0.0821863164092028,0.000424881901126224,0.0365847530633927,0.189386566534565,0.52602787212039,0.152089165230587,0.17506168700336,0.0830240576216604,0.0389307194485226,0.00548133672635785,0.0000635574950401209,0.00292481742644359,0.427594522839748
Saudi Arabia,0.391250136986301,0.551481440175127,4.10570589177228,1.05290124983608,22.6068026176042,0.0917702848580597,0.0306849315068493,12.8680170106738,0.62924294203938,30.521750602622,0.009782328855329,0.000867467214799375,0.0421330801126156,0.150892204264005,0.8866538043982,0.222390617402688,0.0460834322309241,0.0758166269099303,0,0.000352326305771872,0.000474032983840902,0.0275420307656771,0.0850805584856907
Senegal,0.0161229452054795,0.168694605200325,1.18173102059882,0.257416058173218,43.5775097103374,0.0731039968184619,0.114520547945205,2.29726044955073,0.479122171858769,95.0801840161993,0.0110805887565443,0.000235676679530953,0.077643158512377,0.0816877897258109,1.80478644208864,0.0905062002373104,0.112925167268571,0.0733217470481776,0.00129127204455385,0.0157636815633768,0.0324328177015184,0.00974939142147864,0.957906993774188
Serbia,0.0429945205479452,0.42757865634708,16.3944943987871,1.4472348221944,5.0257570592692,0.694673905769735,0.046986301369863,8.36399757563066,1.48279496892282,5.54052932188286,0.00329132177228537,0.00106220475281556,0.054621095835782,0.122555417241164,1.2300216043886,0.447687397198317,0,0.0396408689145157,0.0370447826466085,0.0137359818637158,0.000990437631041885,0,0.957906993774188
Slovakia,0.731981712328767,0.407897492836641,16.7759264148537,0.718399518026122,3.24679901127061,0.562802839318217,0.0517808219178082,17.6653988112689,0.769420566369022,8.902094170958,0.00178279929332124,0.0014018889810597,0.0697591540839734,0.150260699957504,0.896456423537452,0.703014521721004,0.0236644651996637,0.0180185767793253,0.0487341927341486,0.00926203651674118,0.000897749617441708,0.00487469571073932,0.957906993774188
Slovenia,1.34465363013699,0.280735675421354,14.033055869611,1.78006682822161,6.37051381818901,0.45659258323334,0.0541095890410959,12.9886475496067,1.46718323038531,8.21301993596753,0.0430614598540669,0.00106331121609974,0.0711350759569738,0.080636864725139,1.27613533386057,0.554108296254114,0.00304455107831931,0.0364529668689427,0.0434954793954981,0.00133367365899808,0.00125790875600239,0.00316855221198056,0.957906993774188
South Africa,0.0591174657534247,0.0255013318574956,4.66925398978046,0.325457383820085,15.7954568546412,1.45853980388864,0.0149315068493151,7.32220445727613,1.74358417234319,5.26720285837053,0.00664835325392655,0.000649493947815348,0.106353787047669,0.18943403183946,0.536935011726036,0.457789771230922,0.0179905290991596,0.020374852204314,0.0368408975869421,0.00534813442774775,0.0612619889917569,0.00950565663594167,0.957906993774188
South Korea,0.252592808219178,0.00379097299064435,1.06537907935836,0.730226742320568,29.2356463355803,0.0366267010019052,0.104246575342466,1.44138722971215,2.73266636112848,132.176946324711,0.273982277049039,0.00142069885689081,0.0562096134103142,0.236662010210862,2.8419311600331,0.166896754566049,0.059783912083361,0.088429630655458,0.0409412526757885,0.000981197365720099,0.000566720997441078,0.00170614349875876,0.957906993774188
Spain,0.325683493150685,0.039714434493398,15.7145943595385,1.45502687584721,7.54811253149795,0.254215764615988,0.185753424657534,18.5832817203223,2.36355014585459,7.54639422763152,0.196729182470607,0.00158224249638151,0.0316080589441156,0.0363433209532324,1.67058720542171,0.824934953539155,0.00899526454957978,0.0893998617128063,0.0625870498437043,0.0134707014937268,0.00100897523376192,0.00292481742644359,0.957906993774188
Sri Lanka,0.0107486301369863,0.0929617739604397,1.6542210776362,1.10062757845954,53.2328839717754,0.0556665424487369,0.0424657534246575,0.494079449700542,0.325505946159399,122.068892177588,0.0189292983109608,0.000453649946514979,0.0211534176934827,0.113121547654707,0.784071466081809,0.134098636131428,0.432187864435964,0.160365333335995,0.00419097067092039,0.0113842842910876,0.0000847433267201612,0.0109680653491635,0.524945320084734
Sweden,1.76599993150685,0.591759543759851,17.8969520748053,0.815800188686259,4.61211416018149,0.671254578215757,0.0502739726027397,10.4059297120171,1.67766682294332,22.4973425910403,0.11562990295229,0.00159441359250752,0.0820985642131593,0.0878535328317858,1.17728075211826,0.730830647482012,0.00553554741512602,0.0279980962263362,0.0446734819624595,0.00613533709291197,0.00267471124960509,0.00974939142147864,0.957906993774188
Switzerland,0.562153356164384,0.221863645412163,29.1557729628393,1.15920712467086,4.08804707937513,0.484124436245829,0.0694520547945205,10.1271491288791,1.7600240214029,66.4941849370024,0.0574720395456815,0.00111974084359307,0.0662366455082473,0.0810308267557747,1.30250575999574,0.647105492828231,0.00442843793210081,0.0289683272836845,0.0437391341778149,0.00612083838432394,0.00201530223856383,0.00609336963842415,0.957906993774188
Syria,0.0795398630136986,0.658883017393792,8.62926701599946,1.55367984084441,10.23842567158,0.0418743625482414,0.12986301369863,2.66590128987842,0.587495045172011,4.68214774345112,0,0.000635109925120971,0.0467480894141223,0.199544141782283,1.63551868061368,0.368805846532771,0.000968720797647053,0.125714224144985,0.000379452749934684,0.00545041970541331,0.0003151392462406,0.0270545611946032,0.0850805584856907
Tanzania,0.078465,0.188267432935603,2.94522174739998,1.01421926920248,46.5880266651676,0.113888099136674,0.128356164383562,1.43428814501973,0.304867716638944,39.4131558319441,0.00112833965014696,0.000118391571407568,0.0751084401670682,0.0581924638023499,0.771921740951469,0.178244626767058,0.90008000969949,0.315047884764665,0.0295236893344702,0.00368192486986501,0,0.00243734785536966,0.957906993774188
Thailand,0.0268715753424658,0.309143109464149,1.58137464485956,1.78646744372214,49.6583323206352,0.0156796459853497,0.0206849315068493,2.69522240352462,0.849916090742811,233.536188584174,0.102218164332657,0.00133328825744037,0.0785927495852078,0.285503808948723,0.708273749075485,0.0440076019502518,0.00235260765142856,0.0598771166820656,0.021073786306074,0.00746413967111332,0.000161541966560307,0.0224236002694009,0.0850805584856907
The Gambia,0.0128983561643836,0.197150713118548,2.58402485154914,0.0741636535169326,24.259181018939,0.113011035507954,0.266301369863014,1.85419381889499,0.377326078585872,131.616476520168,0.0108035740376307,0.000105114011997373,0.0734253103645463,0.16190415499985,0.273506880490943,0.0279545144463864,0.000415166056134451,0.0119199815617075,0.00473466416336411,0.00201873457513656,0.00660668508734633,0.0526467136759846,0.957906993774188
Togo,0.00537431506849315,0.0464808869802199,0.16086920571508,0.119524537281511,56.4032157619192,0.174276353792409,0.0765753424657534,0.719488968227518,0.474008658923364,75.2181726549817,0.000138507359456803,0.000219079730268209,0.0702984164162767,0.067732990086422,0.304433453549989,0.00581232478588232,1.11167630964268,0.149138373958108,0.00510278996553955,0.0113842842910876,0.0540546961691973,0.000731204356610898,0.957906993774188
Trinidad and Tobago,0.123609246575343,0.0372483627643315,2.81571697801929,0.729531023244424,8.98111914445396,0.349120816927735,0.0434246575342466,12.1140659719548,1.80365412633702,54.6594558988506,0.0380492205598161,0.000372878126769629,0.0289917436300636,0.314789902069482,0.638274764517733,0.40257268576504,0.060752632881008,0.124882597524401,0.0154896010607666,0.012152066742145,0.000195968943040373,0.00487469571073932,0.427594522839748
Tunisia,0.190250753424658,0.0410141493749119,9.2788143749245,1.16505116491046,49.1835784362813,0.385130184207051,0.0967123287671233,6.71765756201398,0.518234123489136,141.604279904152,0.0111199541197142,0.000864147824946826,0.101132028272833,0.164752073293602,3.7085655309779,0.42720587176235,0.000415166056134451,0.123912366467052,0.00703969803237033,0.0222909874388354,0.105106353662328,0.0158427610599028,0.957906993774188
Turkey,0.310635410958904,0.113861736666536,17.6794245324862,1.79036347054854,14.2456824091692,0.042263732045205,0.172739726027397,1.35144347088008,1.27231467172096,1.43658458419198,0.00838186935105773,0.000961516593954919,0.0171910361151964,0.0569096060618458,3.19620609962914,0.647797436255122,0,0.180601581103545,0.00733419867411068,0.0114106552623905,0.000198617172000378,0.0872570532222338,0.957906993774188
Uganda,0.0279464383561644,0.067908115194166,4.07231794341632,0.0464740342864081,39.5294459468826,0.089653338636446,0.103424657534247,1.30360425464424,0.278237580034879,70.9882998650927,0,0.0000951558424397273,0.0723003313876381,0.0685873655745478,0.470801848800664,0.0588151912857139,2.46345698841646,0.217193152409252,0.0367785993742662,0.0131316014559363,0.0366370718480115,0,0.957906993774188
Ukraine,0.121459520547945,0.986774113342625,16.0282387228823,0.9262803779779,6.25379239087787,0.553397074251255,0.0372602739726027,13.0612583413911,0.799867673971112,56.1389640416747,0.014536671160927,0.00191971379805729,0.0707656091843599,0.108017225854328,2.3571847403442,1.83212780572133,0,0.0210678743881342,0.0268222122938905,0.0114277382330365,0.000312491017280595,0.00877445227933077,0.957906993774188
United Kingdom,0.302036506849315,0.60690438594251,21.0070900519635,1.07460768501176,6.29226023356011,0.470957778139747,0.0534246575342466,16.5955073658709,1.56722858498353,2.96003847090933,0.0552494868945661,0.00123370656186391,0.0290124571658987,0.180463089214139,1.08173973177513,1.06102605079428,0.00733460032504197,0.0450464419483132,0.0525400471812546,0.00484474557503244,0.000701780674401335,0.0389975656859145,0.957906993774188
United States,0.257967123287671,0.142031376522979,23.2572354199531,1.44973941086852,7.49950883078666,0.215982487918457,0.122739726027397,23.3101287097823,2.50266264131539,16.442324640654,0.140118756605523,0.00179357698366044,0.0884235634290685,0.306103751273536,1.57891200671096,0.723219269786214,0.0584000252295795,0.0529468948438636,0.0509033032300439,0.0112313547150395,0.00118111011616225,0.0104805957780895,0.957906993774188
Uruguay,0.190250753424658,0.460310783187065,19.434821211201,1.12469945849412,11.3974432877889,0.196241307233725,0.0194520547945205,8.62998170888937,1.28211801862265,5.92003926898547,0.0166573885289029,0.00127132631352612,0.00484353563900118,0.26134396875672,0.828528414854189,0.390809647507897,0.252420962129746,0.0414427265924482,0.0329161101883639,0.00212636125255373,0.000190672485120363,0.226429615763841,0.116541381633645
Venezuela,0.0128983561643836,0.119634200834333,9.38606051206789,0.978876740134374,17.2824102986901,0.0690748739170165,0.000958904109589041,6.41023737685996,0.832271763838416,6.28355045216879,0.0212381703743513,0.000587532003901107,0.0368119114359719,0.145148902371604,0.68922077103018,0.196373544551595,0.331717678851427,0.0676389651408519,0.00939570316629314,0.00857165651386212,0.000529645792001008,0.000243734785536966,0.116541381633645
Vietnam,0.0150480821917808,0.0878596231002465,0.770958080219438,1.18550530574909,65.3503104907619,0.0333881106015699,0.162328767123288,3.64902028431889,1.785492633116,286.396348969908,0.151280754535329,0.000343003618096691,0.00849670801187992,0.0516897170316142,2.30734325429815,0.0582616365442013,0.0673952897791592,0.11421005589357,0.0165430072023763,0.00654043870724118,0,0.0263233568379923,0.807661285421973
Zambia,0.00967376712328767,0.331380044272689,0.720370279680105,0.101018409856085,49.3111597712564,1.21907980234648,0.103561643835616,6.06604643029542,0.305763312798529,86.0074133944085,0.000138507359456803,0.000359600567359435,0.111887629005674,0.0630813902066256,0.337707132600124,0.0262938502218486,0.136312855097478,0.0634808320379307,0.0222064810819984,0.0108081194960799,0.00600607735213303,0.00292481742644359,0.957906993774188
Zimbabwe,0.0257967123287671,0.151317503499215,2.56884851138734,0.245449690063544,34.8107433249759,0.044431289547922,0.0450684931506849,10.7619383225645,0.991797858977272,19.8007088570164,0,0.000156011323069786,0.0730909051809367,0.1544046368263,0.212205994606047,0.02020474806521,0.0293384013001679,0.0385320334204033,0.0152234177884243,0.00558511315150139,0.00480486188170642,0,0.957906993774188